Account manager,Client Name,Date of Contact
Milan Crona,"Wyman, Farrell and Haag",2015-10-31
Aidan Pouros,"Veum, McClure and Schuster",2013-12-07
Milan Crona,Armstrong Group,2013-11-02
Aidan Pouros,"Lueilwitz, Moore and Hahn",2013-12-25
Chauncey Dach,Abbott Group,2016-03-21
Chauncey Dach,"Oga, Gottlieb and Cruickshank",2013-10-27
Rigoberto White,"Fahey, Wunsch and Bashirian",2016-05-14
Rigoberto White,Bosco-Ortiz,2014-07-14
Rigoberto White,Ondricka-Wolff,2015-10-14
Rigoberto White,"Anderson, Kutch and Hyatt",2014-01-17
Milan Crona,Mitchell and Sons,2016-11-14
Milan Crona,"Brown, Wyman and Grimes",2015-10-17
Aidan Pouros,Cormier LLC,2013-10-22
Milan Crona,Stamm-Crooks,2014-09-23
Rigoberto White,Ondricka-Wolff,2013-10-28
Chauncey Dach,Hauck Group,2015-10-06
Aidan Pouros,Johnston-Schaden,2013-11-20
Chauncey Dach,Walter Inc,2015-02-04
Chauncey Dach,"Veum, McClure and Schuster",2016-12-13
Milan Crona,Hoppe-Batz,2015-10-30
Chauncey Dach,"Denesik, Stehr and Carter",2017-09-21
Milan Crona,Eichmann and Sons,2013-10-16
Rigoberto White,Sanford and Sons,2017-05-04
Milan Crona,"Kuhic, Stark and Kreiger",2013-10-24
Chauncey Dach,Johnston-Schaden,2015-09-12
Aidan Pouros,"Kris, Shanahan and Quigley",2014-07-04
Chauncey Dach,"Fahey, Wunsch and Bashirian",2017-04-14
Milan Crona,Koss Inc,2015-10-25
Rigoberto White,"Lueilwitz, Moore and Hahn",2014-12-05
Milan Crona,Halvorson LLC,2013-10-09
Milan Crona,Hauck Group,2014-08-11
Milan Crona,"Denesik, Stehr and Carter",2015-08-14
Chauncey Dach,Armstrong Group,2017-03-31
Rigoberto White,Eichmann and Sons,2015-05-03
Chauncey Dach,Hauck Group,2013-12-07
Aidan Pouros,Franecki-Feil,2016-10-24
Chauncey Dach,Koss Inc,2013-10-05
Chauncey Dach,"Veum, McClure and Schuster",2017-03-02
Milan Crona,Donnelly-Champlin,2014-05-16
Rigoberto White,"Wyman, Farrell and Haag",2016-04-05
Milan Crona,Lemke-Pfannerstill,2014-09-20
Rigoberto White,Donnelly-Champlin,2015-10-26
Aidan Pouros,Hoppe-Batz,2015-10-17
Milan Crona,"Kuhic, Stark and Kreiger",2015-10-30
Rigoberto White,Eichmann and Sons,2014-04-28
Aidan Pouros,"Lueilwitz, Moore and Hahn",2016-10-23
Rigoberto White,Armstrong Group,2017-08-18
Milan Crona,"Lindgren, Graham and Spinka",2015-09-20
Milan Crona,Ondricka-Wolff,2014-05-26
Milan Crona,Stamm-Crooks,2013-10-14
Aidan Pouros,Franecki-Feil,2015-01-15
Milan Crona,Donnelly-Champlin,2015-12-23
Milan Crona,Mitchell and Sons,2014-01-05
Rigoberto White,Donnelly-Champlin,2014-10-07
Chauncey Dach,"Fahey, Wunsch and Bashirian",2016-09-14
Aidan Pouros,"Anderson, Kutch and Hyatt",2016-09-04
Chauncey Dach,"Brown, Wyman and Grimes",2015-06-20
Rigoberto White,"Brown, Wyman and Grimes",2014-12-01
Rigoberto White,Hauck Group,2014-06-24
Rigoberto White,Donnelly-Champlin,2014-02-07
Chauncey Dach,Johnston-Schaden,2015-11-02
Rigoberto White,Donnelly-Champlin,2016-01-23
Aidan Pouros,Hoppe-Batz,2016-02-20
Milan Crona,Lemke-Pfannerstill,2016-10-25
Rigoberto White,"Veum, McClure and Schuster",2016-08-17
Chauncey Dach,"Medhurst, Ankunding and Wolff",2014-06-03
Aidan Pouros,Walter Inc,2014-06-23
Aidan Pouros,Trantow Inc,2013-11-25
Chauncey Dach,"Veum, McClure and Schuster",2016-05-25
Chauncey Dach,"Medhurst, Ankunding and Wolff",2015-09-08
Chauncey Dach,Abbott Group,2015-02-06
Milan Crona,"Kris, Shanahan and Quigley",2016-12-01
Rigoberto White,"Fahey, Wunsch and Bashirian",2015-05-23
Chauncey Dach,Walter Inc,2014-03-11
Rigoberto White,Sanford and Sons,2016-08-23
Aidan Pouros,Stamm-Crooks,2013-11-10
Milan Crona,"Denesik, Stehr and Carter",2016-10-13
Milan Crona,"Oga, Gottlieb and Cruickshank",2017-01-30
Rigoberto White,"Veum, McClure and Schuster",2015-01-07
Milan Crona,Walter Inc,2016-12-26
Chauncey Dach,Donnelly-Champlin,2016-02-25
Aidan Pouros,Lemke-Pfannerstill,2014-10-31
Aidan Pouros,"Kris, Shanahan and Quigley",2014-10-23
Aidan Pouros,"Oga, Gottlieb and Cruickshank",2015-09-13
Rigoberto White,"Thompson, Howell and Hegmann",2015-11-20
Aidan Pouros,Stamm-Crooks,2017-01-01
Milan Crona,Sanford and Sons,2016-12-13
Rigoberto White,Franecki-Feil,2017-09-10
Rigoberto White,"Kris, Shanahan and Quigley",2015-04-09
Aidan Pouros,"Wyman, Farrell and Haag",2015-02-04
Rigoberto White,"Veum, McClure and Schuster",2016-01-20
Aidan Pouros,Sanford and Sons,2015-02-28
Rigoberto White,Stamm-Crooks,2014-12-29
Milan Crona,"Anderson, Kutch and Hyatt",2013-10-19
Aidan Pouros,Hagenes Inc,2017-07-19
Chauncey Dach,Donnelly-Champlin,2014-10-25
Milan Crona,Ondricka-Wolff,2016-02-19
Milan Crona,"Brown, Wyman and Grimes",2015-10-18
Aidan Pouros,Stamm-Crooks,2016-11-01
Aidan Pouros,Mitchell and Sons,2015-01-25
Rigoberto White,Hagenes Inc,2014-11-25
Chauncey Dach,"Orn, Russel and O'Reilly",2015-10-26
Aidan Pouros,Walter Inc,2016-10-28
Milan Crona,"Fahey, Wunsch and Bashirian",2017-08-04
Rigoberto White,Mitchell and Sons,2014-09-01
Aidan Pouros,Hoppe-Batz,2016-05-26
Rigoberto White,Mitchell and Sons,2016-01-12
Rigoberto White,"Thompson, Howell and Hegmann",2015-10-21
Milan Crona,"Veum, McClure and Schuster",2017-06-11
Chauncey Dach,Koss Inc,2014-10-28
Chauncey Dach,"Brown, Wyman and Grimes",2016-10-08
Rigoberto White,"Orn, Russel and O'Reilly",2016-01-27
Chauncey Dach,"Medhurst, Ankunding and Wolff",2015-09-10
Milan Crona,"Kuhic, Stark and Kreiger",2016-09-06
Chauncey Dach,Trantow Inc,2017-08-19
Rigoberto White,Hoppe-Batz,2015-12-18
Milan Crona,Lemke-Pfannerstill,2017-02-19
Aidan Pouros,"Anderson, Kutch and Hyatt",2016-06-04
Rigoberto White,Abbott Group,2014-07-26
Aidan Pouros,Hauck Group,2016-01-09
Chauncey Dach,Bosco-Ortiz,2014-02-09
Rigoberto White,"Oga, Gottlieb and Cruickshank",2015-07-20
Aidan Pouros,Armstrong Group,2015-10-22
Rigoberto White,"Oga, Gottlieb and Cruickshank",2015-04-11
Milan Crona,Lemke-Pfannerstill,2015-06-08
Rigoberto White,"Orn, Russel and O'Reilly",2016-06-13
Chauncey Dach,Armstrong Group,2014-03-19
Chauncey Dach,Trantow Inc,2015-07-28
Aidan Pouros,Lemke-Pfannerstill,2014-03-15
Milan Crona,"Lindgren, Graham and Spinka",2015-02-05
Chauncey Dach,"Orn, Russel and O'Reilly",2014-10-23
Aidan Pouros,Eichmann and Sons,2017-07-16
Chauncey Dach,Stamm-Crooks,2017-03-05
Rigoberto White,Eichmann and Sons,2014-10-30
Aidan Pouros,"Lindgren, Graham and Spinka",2015-08-29
Milan Crona,Johnston-Schaden,2016-06-16
Aidan Pouros,"Wyman, Farrell and Haag",2013-10-11
Milan Crona,Donnelly-Champlin,2014-08-30
Rigoberto White,"Veum, McClure and Schuster",2014-10-10
Milan Crona,"Thompson, Howell and Hegmann",2015-10-11
Chauncey Dach,Donnelly-Champlin,2015-12-18
Aidan Pouros,Johnston-Schaden,2015-02-01
Chauncey Dach,"Lueilwitz, Moore and Hahn",2016-01-07
Milan Crona,Stamm-Crooks,2016-12-09
Rigoberto White,Eichmann and Sons,2015-07-26
Milan Crona,Mitchell and Sons,2015-12-08
Milan Crona,Johnston-Schaden,2013-10-12
Milan Crona,Abbott Group,2015-08-28
Aidan Pouros,"Hermiston, Armstrong and Balistreri",2015-09-11
Rigoberto White,"Lindgren, Graham and Spinka",2015-07-04
Aidan Pouros,Walter Inc,2013-11-06
Aidan Pouros,Mitchell and Sons,2017-09-26
Chauncey Dach,Stamm-Crooks,2015-08-16
Chauncey Dach,Hagenes Inc,2014-10-29
Milan Crona,Mitchell and Sons,2014-04-23
Chauncey Dach,Hoppe-Batz,2016-08-12
Rigoberto White,Halvorson LLC,2014-10-26
Chauncey Dach,Lemke-Pfannerstill,2014-02-06
Chauncey Dach,Mitchell and Sons,2016-02-08
Rigoberto White,"Medhurst, Ankunding and Wolff",2017-07-22
Milan Crona,"Hermiston, Armstrong and Balistreri",2014-10-12
Chauncey Dach,Hagenes Inc,2015-09-08
Milan Crona,Stamm-Crooks,2014-06-02
Aidan Pouros,Sanford and Sons,2016-09-29
Rigoberto White,Walter Inc,2015-05-13
Milan Crona,"Kuhic, Stark and Kreiger",2013-12-30
Chauncey Dach,"Kuhic, Stark and Kreiger",2017-03-14
Aidan Pouros,"Denesik, Stehr and Carter",2016-01-13
Milan Crona,Franecki-Feil,2016-10-30
Chauncey Dach,"Veum, McClure and Schuster",2016-10-26
Aidan Pouros,Donnelly-Champlin,2015-09-06
Milan Crona,"Thompson, Howell and Hegmann",2014-08-08
Rigoberto White,Eichmann and Sons,2017-01-30
Aidan Pouros,"Lindgren, Graham and Spinka",2015-09-30
Milan Crona,"Fahey, Wunsch and Bashirian",2015-07-14
Milan Crona,Hoppe-Batz,2015-02-18
Milan Crona,Lemke-Pfannerstill,2016-03-29
Rigoberto White,Hoppe-Batz,2015-02-19
Milan Crona,Walter Inc,2016-07-17
Milan Crona,Abbott Group,2015-01-26
Chauncey Dach,Koss Inc,2013-10-11
Milan Crona,Franecki-Feil,2017-05-27
Aidan Pouros,Johnston-Schaden,2014-10-09
Rigoberto White,Donnelly-Champlin,2015-11-06
Chauncey Dach,"Denesik, Stehr and Carter",2014-08-23
Aidan Pouros,Franecki-Feil,2015-11-25
Milan Crona,Hagenes Inc,2017-09-08
Chauncey Dach,"Kris, Shanahan and Quigley",2015-08-18
Milan Crona,Lemke-Pfannerstill,2014-07-19
Chauncey Dach,"Veum, McClure and Schuster",2017-06-21
Rigoberto White,"Lindgren, Graham and Spinka",2014-09-08
Aidan Pouros,"Hermiston, Armstrong and Balistreri",2016-12-21
Aidan Pouros,Walter Inc,2013-11-04
Milan Crona,"Kris, Shanahan and Quigley",2016-06-23
Milan Crona,"Oga, Gottlieb and Cruickshank",2017-08-31
Rigoberto White,"Thompson, Howell and Hegmann",2014-01-02
Chauncey Dach,Cormier LLC,2016-06-17
Aidan Pouros,Lemke-Pfannerstill,2016-02-09
Aidan Pouros,Franecki-Feil,2016-11-24
Rigoberto White,Abbott Group,2016-09-19
Milan Crona,"Hermiston, Armstrong and Balistreri",2013-10-17
Chauncey Dach,"Anderson, Kutch and Hyatt",2017-07-26
Rigoberto White,Walter Inc,2014-06-19
Milan Crona,Ondricka-Wolff,2015-08-01
Chauncey Dach,"Thompson, Howell and Hegmann",2014-09-20
Rigoberto White,Donnelly-Champlin,2015-08-20
Aidan Pouros,Armstrong Group,2016-10-31
Aidan Pouros,Cormier LLC,2014-11-22
Milan Crona,Mitchell and Sons,2014-03-20
Rigoberto White,"Hermiston, Armstrong and Balistreri",2016-10-15
Chauncey Dach,"Anderson, Kutch and Hyatt",2015-07-19
Aidan Pouros,Abbott Group,2014-09-27
Rigoberto White,Hoppe-Batz,2017-01-29
Milan Crona,Hoppe-Batz,2017-03-30
Milan Crona,"Hermiston, Armstrong and Balistreri",2014-10-13
Rigoberto White,Cormier LLC,2016-05-13
Aidan Pouros,Stamm-Crooks,2014-08-27
Chauncey Dach,"Thompson, Howell and Hegmann",2016-10-14
Rigoberto White,Hoppe-Batz,2014-06-29
Rigoberto White,Ondricka-Wolff,2014-05-18
Milan Crona,"Kris, Shanahan and Quigley",2015-12-03
Milan Crona,"Veum, McClure and Schuster",2014-11-18
Aidan Pouros,"Wyman, Farrell and Haag",2017-06-25
Chauncey Dach,Ondricka-Wolff,2015-02-07
Chauncey Dach,"Medhurst, Ankunding and Wolff",2016-10-25
Chauncey Dach,Stamm-Crooks,2014-10-17
Rigoberto White,"Brown, Wyman and Grimes",2014-02-09
Milan Crona,Halvorson LLC,2016-03-27
Rigoberto White,Hauck Group,2015-02-04
Rigoberto White,"Lindgren, Graham and Spinka",2015-01-10
Chauncey Dach,Mitchell and Sons,2014-07-12
Milan Crona,Hagenes Inc,2017-06-28
Milan Crona,Walter Inc,2016-10-19
Chauncey Dach,Koss Inc,2016-04-25
Rigoberto White,"Wyman, Farrell and Haag",2015-09-24
Rigoberto White,"Lindgren, Graham and Spinka",2016-03-18
Rigoberto White,"Orn, Russel and O'Reilly",2014-04-25
Rigoberto White,Mitchell and Sons,2014-10-18
Rigoberto White,"Lindgren, Graham and Spinka",2013-12-01
Rigoberto White,"Anderson, Kutch and Hyatt",2015-10-05
Milan Crona,"Hermiston, Armstrong and Balistreri",2016-07-06
Rigoberto White,"Fahey, Wunsch and Bashirian",2013-12-13
Rigoberto White,Koss Inc,2014-08-29
Rigoberto White,"Medhurst, Ankunding and Wolff",2015-08-18
Milan Crona,Ondricka-Wolff,2016-03-31
Rigoberto White,Walter Inc,2016-01-05
Milan Crona,Ondricka-Wolff,2014-10-29
Rigoberto White,Armstrong Group,2014-12-12
Chauncey Dach,Eichmann and Sons,2015-10-30
Rigoberto White,"Kuhic, Stark and Kreiger",2016-06-10
Chauncey Dach,Walter Inc,2013-10-05
Aidan Pouros,"Kris, Shanahan and Quigley",2016-08-08
Aidan Pouros,"Lueilwitz, Moore and Hahn",2014-10-17
Rigoberto White,"Veum, McClure and Schuster",2014-09-27
Chauncey Dach,Armstrong Group,2016-12-20
Chauncey Dach,"Veum, McClure and Schuster",2015-10-22
Chauncey Dach,Sanford and Sons,2015-05-17
Milan Crona,"Oga, Gottlieb and Cruickshank",2014-11-28
Rigoberto White,Hagenes Inc,2015-12-29
Aidan Pouros,"Brown, Wyman and Grimes",2013-12-03
Milan Crona,"Hermiston, Armstrong and Balistreri",2015-04-14
Rigoberto White,Walter Inc,2016-05-14
Aidan Pouros,"Anderson, Kutch and Hyatt",2015-08-30
Rigoberto White,"Brown, Wyman and Grimes",2014-08-11
Milan Crona,"Brown, Wyman and Grimes",2015-07-06
Chauncey Dach,"Denesik, Stehr and Carter",2016-02-12
Milan Crona,Lemke-Pfannerstill,2014-10-21
Rigoberto White,Koss Inc,2016-09-24
Aidan Pouros,"Lueilwitz, Moore and Hahn",2015-03-12
Rigoberto White,"Kuhic, Stark and Kreiger",2015-11-21
Aidan Pouros,Mitchell and Sons,2014-12-15
Aidan Pouros,"Anderson, Kutch and Hyatt",2017-02-06
Chauncey Dach,"Lindgren, Graham and Spinka",2017-06-28
Aidan Pouros,"Medhurst, Ankunding and Wolff",2014-06-07
Aidan Pouros,Hoppe-Batz,2016-09-06
Aidan Pouros,Armstrong Group,2015-10-03
Aidan Pouros,"Anderson, Kutch and Hyatt",2015-05-17
Milan Crona,"Veum, McClure and Schuster",2017-01-08
Chauncey Dach,"Veum, McClure and Schuster",2014-03-19
Milan Crona,Walter Inc,2016-10-28
Chauncey Dach,"Kris, Shanahan and Quigley",2015-07-24
Milan Crona,Ondricka-Wolff,2016-09-30
Aidan Pouros,"Anderson, Kutch and Hyatt",2014-06-06
Chauncey Dach,"Anderson, Kutch and Hyatt",2015-04-21
Aidan Pouros,"Kuhic, Stark and Kreiger",2014-12-17
Rigoberto White,"Denesik, Stehr and Carter",2015-08-31
Rigoberto White,Johnston-Schaden,2015-11-11
Rigoberto White,"Lueilwitz, Moore and Hahn",2015-03-13
Milan Crona,Franecki-Feil,2015-07-19
Milan Crona,Stamm-Crooks,2015-07-19
Milan Crona,"Denesik, Stehr and Carter",2016-09-18
Chauncey Dach,Eichmann and Sons,2015-02-07
Chauncey Dach,Bosco-Ortiz,2016-01-13
Milan Crona,Trantow Inc,2016-02-21
Aidan Pouros,"Veum, McClure and Schuster",2014-08-24
Aidan Pouros,Stamm-Crooks,2013-12-18
Milan Crona,Halvorson LLC,2015-06-10
Aidan Pouros,Cormier LLC,2017-03-30
Rigoberto White,Walter Inc,2014-07-25
Chauncey Dach,Ondricka-Wolff,2014-12-18
Aidan Pouros,Trantow Inc,2015-09-01
Milan Crona,Hauck Group,2013-10-31
Milan Crona,"Lindgren, Graham and Spinka",2014-06-26
Aidan Pouros,"Kris, Shanahan and Quigley",2013-12-20
Rigoberto White,"Wyman, Farrell and Haag",2015-08-28
Milan Crona,Lemke-Pfannerstill,2014-02-14
Chauncey Dach,"Hermiston, Armstrong and Balistreri",2016-08-14
Chauncey Dach,Sanford and Sons,2017-08-30
Aidan Pouros,Sanford and Sons,2013-10-20
Chauncey Dach,Ondricka-Wolff,2014-06-19
Rigoberto White,Lemke-Pfannerstill,2016-03-04
Milan Crona,Abbott Group,2017-02-13
Aidan Pouros,Abbott Group,2014-12-03
Milan Crona,Johnston-Schaden,2015-02-04
Chauncey Dach,"Wyman, Farrell and Haag",2016-05-07
Chauncey Dach,Stamm-Crooks,2015-01-19
Aidan Pouros,"Thompson, Howell and Hegmann",2015-10-15
Chauncey Dach,Koss Inc,2013-10-25
Chauncey Dach,"Kuhic, Stark and Kreiger",2016-10-08
Aidan Pouros,"Hermiston, Armstrong and Balistreri",2017-02-17
Milan Crona,Eichmann and Sons,2014-03-04
Rigoberto White,Cormier LLC,2014-10-19
Chauncey Dach,Johnston-Schaden,2013-11-26
Chauncey Dach,"Lueilwitz, Moore and Hahn",2017-06-28
Aidan Pouros,Koss Inc,2015-12-16
Milan Crona,Walter Inc,2015-10-12
Rigoberto White,Halvorson LLC,2017-09-21
Milan Crona,"Veum, McClure and Schuster",2016-09-22
Rigoberto White,Hauck Group,2013-12-12
Rigoberto White,"Denesik, Stehr and Carter",2017-09-02
Milan Crona,Hauck Group,2016-10-20
Aidan Pouros,"Oga, Gottlieb and Cruickshank",2016-04-13
Chauncey Dach,"Wyman, Farrell and Haag",2017-08-28
Milan Crona,Eichmann and Sons,2014-09-14
Rigoberto White,"Wyman, Farrell and Haag",2015-09-07
Aidan Pouros,"Lueilwitz, Moore and Hahn",2013-11-10
Rigoberto White,"Hermiston, Armstrong and Balistreri",2015-10-22
Rigoberto White,Lemke-Pfannerstill,2014-09-29
Milan Crona,Stamm-Crooks,2014-01-02
Chauncey Dach,Mitchell and Sons,2014-09-23
Rigoberto White,Trantow Inc,2015-12-11
Chauncey Dach,"Oga, Gottlieb and Cruickshank",2015-04-17
Chauncey Dach,"Anderson, Kutch and Hyatt",2015-05-09
Chauncey Dach,"Wyman, Farrell and Haag",2014-11-17
Rigoberto White,Johnston-Schaden,2014-01-14
Milan Crona,Mitchell and Sons,2017-09-18
Aidan Pouros,Eichmann and Sons,2016-08-19
Milan Crona,"Orn, Russel and O'Reilly",2014-07-21
Rigoberto White,"Hermiston, Armstrong and Balistreri",2014-05-12
Chauncey Dach,"Medhurst, Ankunding and Wolff",2014-05-14
Milan Crona,Lemke-Pfannerstill,2014-04-23
Milan Crona,Donnelly-Champlin,2016-09-21
Milan Crona,"Fahey, Wunsch and Bashirian",2017-09-07
Milan Crona,"Brown, Wyman and Grimes",2014-07-06
Milan Crona,"Lueilwitz, Moore and Hahn",2015-06-30
Aidan Pouros,Stamm-Crooks,2017-03-08
Aidan Pouros,Hagenes Inc,2013-10-06
Chauncey Dach,Donnelly-Champlin,2013-10-11
Milan Crona,Lemke-Pfannerstill,2015-12-17
Milan Crona,"Thompson, Howell and Hegmann",2016-06-02
Milan Crona,"Denesik, Stehr and Carter",2014-10-18
Chauncey Dach,Sanford and Sons,2017-09-27
Rigoberto White,"Thompson, Howell and Hegmann",2017-09-23
Chauncey Dach,Trantow Inc,2013-10-15
Milan Crona,Johnston-Schaden,2016-08-14
Aidan Pouros,Franecki-Feil,2016-12-08
Rigoberto White,"Veum, McClure and Schuster",2015-06-09
Milan Crona,Ondricka-Wolff,2014-07-11
Aidan Pouros,"Hermiston, Armstrong and Balistreri",2016-06-22
Milan Crona,"Kris, Shanahan and Quigley",2015-05-29
Aidan Pouros,Franecki-Feil,2015-09-19
Aidan Pouros,Eichmann and Sons,2017-08-14
Chauncey Dach,Hagenes Inc,2016-05-03
Rigoberto White,"Oga, Gottlieb and Cruickshank",2016-06-03
Aidan Pouros,"Lueilwitz, Moore and Hahn",2015-07-31
Rigoberto White,Franecki-Feil,2015-10-28
Rigoberto White,"Fahey, Wunsch and Bashirian",2016-12-21
Rigoberto White,"Orn, Russel and O'Reilly",2014-01-29
Rigoberto White,Johnston-Schaden,2015-04-19
Rigoberto White,Eichmann and Sons,2017-07-11
Milan Crona,Stamm-Crooks,2014-02-10
Chauncey Dach,Stamm-Crooks,2013-11-07
Aidan Pouros,"Brown, Wyman and Grimes",2013-10-18
Milan Crona,Cormier LLC,2016-03-11
Aidan Pouros,Franecki-Feil,2015-05-14
Rigoberto White,"Orn, Russel and O'Reilly",2014-09-27
Aidan Pouros,Walter Inc,2015-10-21
Chauncey Dach,Hoppe-Batz,2016-11-20
Chauncey Dach,Armstrong Group,2015-12-22
Milan Crona,"Anderson, Kutch and Hyatt",2016-01-09
Chauncey Dach,"Denesik, Stehr and Carter",2014-08-25
Milan Crona,Halvorson LLC,2016-09-02
Aidan Pouros,"Fahey, Wunsch and Bashirian",2016-05-25
Aidan Pouros,"Kuhic, Stark and Kreiger",2014-10-18
Chauncey Dach,Ondricka-Wolff,2014-03-30
Aidan Pouros,"Thompson, Howell and Hegmann",2014-06-08
Chauncey Dach,"Lindgren, Graham and Spinka",2014-10-10
Aidan Pouros,"Fahey, Wunsch and Bashirian",2016-03-05
Rigoberto White,Sanford and Sons,2015-03-13
Aidan Pouros,Mitchell and Sons,2016-07-19
Aidan Pouros,"Fahey, Wunsch and Bashirian",2017-05-31
Chauncey Dach,"Lindgren, Graham and Spinka",2016-03-30
Aidan Pouros,Bosco-Ortiz,2014-05-20
Chauncey Dach,"Wyman, Farrell and Haag",2017-03-11
Rigoberto White,"Lindgren, Graham and Spinka",2015-03-12
Rigoberto White,Walter Inc,2014-07-26
Milan Crona,Ondricka-Wolff,2013-10-25
Chauncey Dach,"Kuhic, Stark and Kreiger",2017-03-17
Milan Crona,Hagenes Inc,2017-06-17
Milan Crona,Abbott Group,2017-01-08
Rigoberto White,Lemke-Pfannerstill,2017-09-04
Chauncey Dach,Stamm-Crooks,2016-02-22
Aidan Pouros,Hauck Group,2015-10-04
Chauncey Dach,Halvorson LLC,2017-02-16
Milan Crona,Walter Inc,2016-12-03
Chauncey Dach,Halvorson LLC,2015-07-21
Aidan Pouros,"Denesik, Stehr and Carter",2014-09-14
Chauncey Dach,"Kuhic, Stark and Kreiger",2014-10-24
Chauncey Dach,Franecki-Feil,2016-07-05
Rigoberto White,Hoppe-Batz,2016-10-16
Milan Crona,Ondricka-Wolff,2015-03-29
Aidan Pouros,"Brown, Wyman and Grimes",2016-02-26
Rigoberto White,Halvorson LLC,2015-10-29
Rigoberto White,"Oga, Gottlieb and Cruickshank",2017-09-11
Milan Crona,Sanford and Sons,2014-12-31
Rigoberto White,"Veum, McClure and Schuster",2017-08-15
Chauncey Dach,Johnston-Schaden,2016-01-21
Milan Crona,Armstrong Group,2014-09-27
Milan Crona,Johnston-Schaden,2017-05-15
Aidan Pouros,"Medhurst, Ankunding and Wolff",2014-08-21
Chauncey Dach,"Orn, Russel and O'Reilly",2016-12-21
Aidan Pouros,"Oga, Gottlieb and Cruickshank",2017-09-07
Chauncey Dach,Donnelly-Champlin,2013-10-04
Chauncey Dach,"Wyman, Farrell and Haag",2017-09-29
Milan Crona,"Lindgren, Graham and Spinka",2017-07-13
Rigoberto White,Halvorson LLC,2016-02-23
Aidan Pouros,Donnelly-Champlin,2016-10-04
Milan Crona,Johnston-Schaden,2016-10-17
Rigoberto White,"Hermiston, Armstrong and Balistreri",2015-06-12
Aidan Pouros,"Fahey, Wunsch and Bashirian",2015-07-15
Milan Crona,Halvorson LLC,2015-09-11
Aidan Pouros,Abbott Group,2016-06-25
Chauncey Dach,"Fahey, Wunsch and Bashirian",2014-06-22
Aidan Pouros,"Lindgren, Graham and Spinka",2015-02-23
Milan Crona,"Brown, Wyman and Grimes",2015-09-14
Rigoberto White,Hauck Group,2015-01-18
Milan Crona,"Brown, Wyman and Grimes",2017-08-16
Milan Crona,"Orn, Russel and O'Reilly",2013-10-04
Milan Crona,Lemke-Pfannerstill,2017-06-06
Milan Crona,Eichmann and Sons,2015-07-05
Milan Crona,"Hermiston, Armstrong and Balistreri",2016-12-08
Rigoberto White,Lemke-Pfannerstill,2013-12-06
Rigoberto White,"Lindgren, Graham and Spinka",2013-11-27
Milan Crona,Ondricka-Wolff,2014-10-09
Rigoberto White,Lemke-Pfannerstill,2015-09-20
Aidan Pouros,Cormier LLC,2015-08-27
Milan Crona,"Kris, Shanahan and Quigley",2014-09-05
Aidan Pouros,"Lueilwitz, Moore and Hahn",2013-10-27
Aidan Pouros,"Fahey, Wunsch and Bashirian",2014-12-07
Aidan Pouros,"Hermiston, Armstrong and Balistreri",2016-10-13
Milan Crona,Hoppe-Batz,2015-03-25
Milan Crona,"Medhurst, Ankunding and Wolff",2016-03-10
Milan Crona,Halvorson LLC,2014-12-27
Aidan Pouros,Koss Inc,2014-09-10
Chauncey Dach,"Brown, Wyman and Grimes",2017-05-14
Milan Crona,Hagenes Inc,2014-06-01
Chauncey Dach,"Oga, Gottlieb and Cruickshank",2017-08-05
Aidan Pouros,Hagenes Inc,2015-05-19
Chauncey Dach,"Kris, Shanahan and Quigley",2014-07-31
Milan Crona,Franecki-Feil,2017-01-03
Chauncey Dach,"Orn, Russel and O'Reilly",2013-10-18
Milan Crona,"Oga, Gottlieb and Cruickshank",2015-07-04
Rigoberto White,"Brown, Wyman and Grimes",2017-01-17
Chauncey Dach,Trantow Inc,2015-10-07
Aidan Pouros,Cormier LLC,2015-10-02
Rigoberto White,"Thompson, Howell and Hegmann",2015-06-21
Rigoberto White,Bosco-Ortiz,2014-03-08
Chauncey Dach,Eichmann and Sons,2016-10-01
Chauncey Dach,"Thompson, Howell and Hegmann",2016-07-16
Milan Crona,Johnston-Schaden,2015-07-11
Chauncey Dach,"Hermiston, Armstrong and Balistreri",2016-10-18
Rigoberto White,"Wyman, Farrell and Haag",2014-10-14
Milan Crona,Lemke-Pfannerstill,2015-01-10
Rigoberto White,"Veum, McClure and Schuster",2016-05-17
Milan Crona,"Kuhic, Stark and Kreiger",2014-08-19
Milan Crona,Koss Inc,2014-02-16
Chauncey Dach,"Thompson, Howell and Hegmann",2016-05-02
Aidan Pouros,"Wyman, Farrell and Haag",2016-11-15
Milan Crona,"Wyman, Farrell and Haag",2015-04-27
Rigoberto White,Walter Inc,2016-03-25
Rigoberto White,Mitchell and Sons,2016-12-13
Chauncey Dach,Mitchell and Sons,2014-06-24
Rigoberto White,"Brown, Wyman and Grimes",2017-08-29
Rigoberto White,Bosco-Ortiz,2015-03-17
Milan Crona,Armstrong Group,2014-10-15
Chauncey Dach,Armstrong Group,2013-11-24
Chauncey Dach,Mitchell and Sons,2014-08-02
Chauncey Dach,"Fahey, Wunsch and Bashirian",2017-09-23
Aidan Pouros,Abbott Group,2014-12-21
Rigoberto White,"Fahey, Wunsch and Bashirian",2013-10-04
Aidan Pouros,Johnston-Schaden,2014-12-18
Rigoberto White,Bosco-Ortiz,2017-01-31
Chauncey Dach,"Fahey, Wunsch and Bashirian",2017-04-11
Milan Crona,Johnston-Schaden,2017-03-05
Chauncey Dach,"Oga, Gottlieb and Cruickshank",2016-10-16
Aidan Pouros,Walter Inc,2016-10-14
Chauncey Dach,Abbott Group,2015-10-25
Aidan Pouros,"Kris, Shanahan and Quigley",2013-12-03
Chauncey Dach,"Kuhic, Stark and Kreiger",2016-04-02
Chauncey Dach,Mitchell and Sons,2015-05-16
Aidan Pouros,Hauck Group,2015-02-08
Rigoberto White,Koss Inc,2015-04-13
Milan Crona,Abbott Group,2016-06-13
Chauncey Dach,Trantow Inc,2016-06-12
Chauncey Dach,Cormier LLC,2016-06-05
Milan Crona,Armstrong Group,2015-05-15
Milan Crona,"Hermiston, Armstrong and Balistreri",2015-09-15
Rigoberto White,"Wyman, Farrell and Haag",2014-10-14
Aidan Pouros,"Fahey, Wunsch and Bashirian",2017-05-11
Aidan Pouros,"Thompson, Howell and Hegmann",2015-11-05
Rigoberto White,Stamm-Crooks,2014-11-24
Aidan Pouros,"Fahey, Wunsch and Bashirian",2015-10-09
Milan Crona,"Medhurst, Ankunding and Wolff",2017-05-11
Rigoberto White,Cormier LLC,2016-06-12
Aidan Pouros,Hagenes Inc,2016-09-30
Rigoberto White,Cormier LLC,2014-10-20
Chauncey Dach,"Medhurst, Ankunding and Wolff",2013-12-14
Aidan Pouros,"Brown, Wyman and Grimes",2014-08-07
Chauncey Dach,"Fahey, Wunsch and Bashirian",2016-11-14
Rigoberto White,Lemke-Pfannerstill,2014-05-20
Chauncey Dach,"Thompson, Howell and Hegmann",2016-04-10
Milan Crona,"Kuhic, Stark and Kreiger",2017-04-22
Rigoberto White,"Lindgren, Graham and Spinka",2014-12-09
Rigoberto White,Hoppe-Batz,2016-10-06
Milan Crona,"Lindgren, Graham and Spinka",2013-12-12
Aidan Pouros,Donnelly-Champlin,2015-10-05
Rigoberto White,Bosco-Ortiz,2013-12-11
Chauncey Dach,Hagenes Inc,2014-09-21
Chauncey Dach,Hauck Group,2014-08-18
Chauncey Dach,Walter Inc,2015-04-20
Chauncey Dach,Eichmann and Sons,2013-11-06
Chauncey Dach,Ondricka-Wolff,2015-05-08
Milan Crona,Eichmann and Sons,2014-09-10
Aidan Pouros,"Brown, Wyman and Grimes",2015-06-26
Chauncey Dach,"Lindgren, Graham and Spinka",2016-10-10
Rigoberto White,Hoppe-Batz,2014-01-04
Aidan Pouros,"Medhurst, Ankunding and Wolff",2014-10-18
Chauncey Dach,Hagenes Inc,2016-03-17
Aidan Pouros,"Medhurst, Ankunding and Wolff",2015-03-21
Chauncey Dach,Donnelly-Champlin,2017-06-26
Aidan Pouros,"Brown, Wyman and Grimes",2016-05-08
Chauncey Dach,Franecki-Feil,2014-04-12
Chauncey Dach,"Wyman, Farrell and Haag",2015-10-27
Milan Crona,"Orn, Russel and O'Reilly",2015-03-11
Rigoberto White,Johnston-Schaden,2014-10-16
Aidan Pouros,"Brown, Wyman and Grimes",2013-10-22
Chauncey Dach,"Wyman, Farrell and Haag",2015-10-08
Milan Crona,Sanford and Sons,2016-01-06
Chauncey Dach,Johnston-Schaden,2013-10-11
Chauncey Dach,Bosco-Ortiz,2015-06-28
Milan Crona,"Kuhic, Stark and Kreiger",2013-10-11
Chauncey Dach,Donnelly-Champlin,2015-03-14
Aidan Pouros,Johnston-Schaden,2016-07-30
Rigoberto White,"Kuhic, Stark and Kreiger",2015-11-22
Milan Crona,"Wyman, Farrell and Haag",2013-10-06
Aidan Pouros,Walter Inc,2014-02-11
Milan Crona,Mitchell and Sons,2015-11-10
Chauncey Dach,"Kuhic, Stark and Kreiger",2016-09-23
Rigoberto White,Donnelly-Champlin,2015-11-10
Aidan Pouros,Franecki-Feil,2013-10-29
Chauncey Dach,Mitchell and Sons,2015-02-22
Aidan Pouros,Bosco-Ortiz,2016-05-24
Aidan Pouros,Walter Inc,2015-10-25
Milan Crona,Eichmann and Sons,2014-10-05
Milan Crona,"Denesik, Stehr and Carter",2017-03-24
Rigoberto White,"Orn, Russel and O'Reilly",2017-09-12
Aidan Pouros,Abbott Group,2015-10-13
Chauncey Dach,Bosco-Ortiz,2015-04-19
Milan Crona,"Kris, Shanahan and Quigley",2014-09-04
Aidan Pouros,Eichmann and Sons,2017-02-20
Chauncey Dach,Johnston-Schaden,2013-11-06
Aidan Pouros,"Denesik, Stehr and Carter",2013-12-16
Rigoberto White,Koss Inc,2016-06-16
Aidan Pouros,Donnelly-Champlin,2016-12-26
Rigoberto White,"Thompson, Howell and Hegmann",2017-04-01
Chauncey Dach,"Hermiston, Armstrong and Balistreri",2014-06-14
Chauncey Dach,"Medhurst, Ankunding and Wolff",2015-11-19
Milan Crona,"Hermiston, Armstrong and Balistreri",2017-09-12
Milan Crona,Franecki-Feil,2014-08-07
Chauncey Dach,"Lindgren, Graham and Spinka",2013-10-30
Milan Crona,Sanford and Sons,2014-08-13
Aidan Pouros,Mitchell and Sons,2016-02-25
Chauncey Dach,Trantow Inc,2013-12-19
Aidan Pouros,"Oga, Gottlieb and Cruickshank",2016-02-18
Chauncey Dach,"Lueilwitz, Moore and Hahn",2016-07-27
Chauncey Dach,Halvorson LLC,2017-05-06
Milan Crona,"Thompson, Howell and Hegmann",2014-05-02
Rigoberto White,Trantow Inc,2016-05-03
Chauncey Dach,"Denesik, Stehr and Carter",2013-10-30
Aidan Pouros,Donnelly-Champlin,2015-03-31
Rigoberto White,"Hermiston, Armstrong and Balistreri",2015-08-20
Rigoberto White,Eichmann and Sons,2017-09-07
Milan Crona,"Brown, Wyman and Grimes",2014-07-20
Chauncey Dach,"Medhurst, Ankunding and Wolff",2014-09-20
Rigoberto White,"Thompson, Howell and Hegmann",2013-10-21
Aidan Pouros,Bosco-Ortiz,2014-09-16
Aidan Pouros,Abbott Group,2013-10-06
Milan Crona,"Hermiston, Armstrong and Balistreri",2017-09-13
Milan Crona,Franecki-Feil,2014-02-05
Chauncey Dach,"Brown, Wyman and Grimes",2016-04-11
Chauncey Dach,Hoppe-Batz,2013-10-23
Milan Crona,"Wyman, Farrell and Haag",2017-08-19
Aidan Pouros,Mitchell and Sons,2017-07-28
Aidan Pouros,Hauck Group,2015-11-23
Rigoberto White,"Lueilwitz, Moore and Hahn",2017-04-06
Milan Crona,"Thompson, Howell and Hegmann",2014-07-20
Milan Crona,"Veum, McClure and Schuster",2014-08-10
Milan Crona,"Lueilwitz, Moore and Hahn",2016-01-30
Rigoberto White,Halvorson LLC,2015-01-19
Aidan Pouros,Cormier LLC,2014-12-23
Chauncey Dach,Lemke-Pfannerstill,2015-10-17
Milan Crona,Ondricka-Wolff,2015-07-23
Milan Crona,Hoppe-Batz,2017-03-17
Aidan Pouros,"Orn, Russel and O'Reilly",2015-05-17
Milan Crona,Halvorson LLC,2017-06-14
Milan Crona,Armstrong Group,2017-09-04
Aidan Pouros,"Kris, Shanahan and Quigley",2016-06-14
Chauncey Dach,Halvorson LLC,2013-10-20
Aidan Pouros,"Wyman, Farrell and Haag",2016-12-05
Aidan Pouros,Cormier LLC,2016-04-04
Aidan Pouros,"Lindgren, Graham and Spinka",2014-10-01
Milan Crona,Abbott Group,2015-10-21
Chauncey Dach,"Anderson, Kutch and Hyatt",2016-09-25
Aidan Pouros,Bosco-Ortiz,2014-09-25
Rigoberto White,"Medhurst, Ankunding and Wolff",2013-10-03
Chauncey Dach,"Wyman, Farrell and Haag",2013-11-03
Milan Crona,Walter Inc,2015-12-03
Milan Crona,"Denesik, Stehr and Carter",2017-06-08
Chauncey Dach,Abbott Group,2014-07-11
Aidan Pouros,Cormier LLC,2015-10-02
Rigoberto White,"Anderson, Kutch and Hyatt",2016-02-23
Chauncey Dach,Mitchell and Sons,2015-11-26
Milan Crona,Mitchell and Sons,2016-01-21
Milan Crona,Franecki-Feil,2014-04-13
Aidan Pouros,Halvorson LLC,2016-02-13
Aidan Pouros,Stamm-Crooks,2016-12-18
Milan Crona,"Veum, McClure and Schuster",2017-06-19
Chauncey Dach,"Fahey, Wunsch and Bashirian",2013-10-10
Chauncey Dach,Franecki-Feil,2016-09-27
Milan Crona,"Hermiston, Armstrong and Balistreri",2015-08-20
Aidan Pouros,"Kuhic, Stark and Kreiger",2016-05-25
Chauncey Dach,Donnelly-Champlin,2014-08-04
Rigoberto White,"Wyman, Farrell and Haag",2016-09-23
Chauncey Dach,"Kris, Shanahan and Quigley",2015-05-03
Chauncey Dach,Franecki-Feil,2014-08-10
Chauncey Dach,Donnelly-Champlin,2013-10-26
Milan Crona,"Hermiston, Armstrong and Balistreri",2014-04-29
Aidan Pouros,"Lindgren, Graham and Spinka",2014-11-30
Rigoberto White,Trantow Inc,2014-09-28
Aidan Pouros,Hoppe-Batz,2014-08-03
Aidan Pouros,"Brown, Wyman and Grimes",2015-04-25
Milan Crona,"Fahey, Wunsch and Bashirian",2014-04-26
Chauncey Dach,Abbott Group,2017-04-09
Rigoberto White,"Orn, Russel and O'Reilly",2014-10-08
Chauncey Dach,"Medhurst, Ankunding and Wolff",2014-05-25
Aidan Pouros,"Wyman, Farrell and Haag",2014-09-28
Aidan Pouros,"Orn, Russel and O'Reilly",2015-09-27
Milan Crona,Sanford and Sons,2015-11-05
Chauncey Dach,"Orn, Russel and O'Reilly",2015-10-03
Rigoberto White,Halvorson LLC,2015-05-02
Rigoberto White,Johnston-Schaden,2016-10-26
Aidan Pouros,Lemke-Pfannerstill,2014-09-03
Milan Crona,Armstrong Group,2017-04-01
Aidan Pouros,Cormier LLC,2017-02-12
Aidan Pouros,Koss Inc,2015-08-24
Rigoberto White,"Hermiston, Armstrong and Balistreri",2017-09-17
Chauncey Dach,"Medhurst, Ankunding and Wolff",2014-05-04
Milan Crona,"Medhurst, Ankunding and Wolff",2017-05-26
Chauncey Dach,Hagenes Inc,2015-09-24
Chauncey Dach,Johnston-Schaden,2016-01-31
Milan Crona,Hoppe-Batz,2017-08-31
Aidan Pouros,"Denesik, Stehr and Carter",2014-10-27
Milan Crona,"Brown, Wyman and Grimes",2015-09-23
Milan Crona,Stamm-Crooks,2015-10-01
Rigoberto White,Donnelly-Champlin,2014-09-09
Rigoberto White,Donnelly-Champlin,2014-07-26
Rigoberto White,Eichmann and Sons,2014-10-29
Milan Crona,"Brown, Wyman and Grimes",2017-02-08
Rigoberto White,"Wyman, Farrell and Haag",2015-10-12
Milan Crona,"Wyman, Farrell and Haag",2015-04-07
Chauncey Dach,Hauck Group,2016-07-03
Rigoberto White,"Kuhic, Stark and Kreiger",2016-03-19
Milan Crona,"Thompson, Howell and Hegmann",2014-05-16
Milan Crona,Mitchell and Sons,2017-02-26
Chauncey Dach,Mitchell and Sons,2016-09-06
Chauncey Dach,"Fahey, Wunsch and Bashirian",2015-01-20
Chauncey Dach,Hagenes Inc,2016-09-08
Aidan Pouros,"Thompson, Howell and Hegmann",2014-10-24
Rigoberto White,Johnston-Schaden,2016-01-08
Chauncey Dach,"Denesik, Stehr and Carter",2014-10-04
Milan Crona,"Thompson, Howell and Hegmann",2015-03-31
Chauncey Dach,"Denesik, Stehr and Carter",2013-10-09
Chauncey Dach,"Denesik, Stehr and Carter",2015-10-22
Aidan Pouros,Koss Inc,2013-11-16
Aidan Pouros,Armstrong Group,2017-04-18
Chauncey Dach,Stamm-Crooks,2013-10-31
Aidan Pouros,Trantow Inc,2015-12-09
Aidan Pouros,Trantow Inc,2014-11-26
Rigoberto White,Bosco-Ortiz,2015-07-03
Aidan Pouros,"Medhurst, Ankunding and Wolff",2014-10-12
Milan Crona,Mitchell and Sons,2014-10-05
Rigoberto White,"Wyman, Farrell and Haag",2015-10-30
Aidan Pouros,Abbott Group,2016-10-27
Milan Crona,"Thompson, Howell and Hegmann",2014-10-02
Milan Crona,Armstrong Group,2014-10-17
Aidan Pouros,Halvorson LLC,2014-06-27
Aidan Pouros,Hoppe-Batz,2017-06-05
Chauncey Dach,Halvorson LLC,2014-09-05
Aidan Pouros,"Orn, Russel and O'Reilly",2016-04-03
Rigoberto White,"Anderson, Kutch and Hyatt",2016-09-03
Milan Crona,Bosco-Ortiz,2014-07-22
Rigoberto White,Eichmann and Sons,2014-02-05
Aidan Pouros,Eichmann and Sons,2013-10-24
Rigoberto White,"Brown, Wyman and Grimes",2017-09-09
Aidan Pouros,"Anderson, Kutch and Hyatt",2015-10-31
Rigoberto White,"Orn, Russel and O'Reilly",2014-08-10
Milan Crona,"Medhurst, Ankunding and Wolff",2015-02-23
Chauncey Dach,"Kris, Shanahan and Quigley",2013-10-18
Milan Crona,Donnelly-Champlin,2016-10-24
Chauncey Dach,Abbott Group,2014-12-18
Aidan Pouros,Abbott Group,2013-10-15
Aidan Pouros,Armstrong Group,2014-10-19
Milan Crona,Hagenes Inc,2014-11-13
Rigoberto White,Johnston-Schaden,2014-11-27
Milan Crona,Franecki-Feil,2014-06-01
Milan Crona,Trantow Inc,2016-03-20
Milan Crona,Halvorson LLC,2015-06-17
Chauncey Dach,"Orn, Russel and O'Reilly",2016-03-11
Aidan Pouros,"Medhurst, Ankunding and Wolff",2014-11-03
Chauncey Dach,Hagenes Inc,2014-05-24
Rigoberto White,"Kris, Shanahan and Quigley",2016-02-02
Milan Crona,Hauck Group,2017-06-23
Milan Crona,"Lueilwitz, Moore and Hahn",2013-11-30
Rigoberto White,Sanford and Sons,2013-10-05
Milan Crona,"Medhurst, Ankunding and Wolff",2017-07-26
Milan Crona,Halvorson LLC,2016-04-01
Chauncey Dach,Franecki-Feil,2013-10-19
Rigoberto White,"Orn, Russel and O'Reilly",2017-09-21
Chauncey Dach,"Brown, Wyman and Grimes",2017-07-08
Milan Crona,Bosco-Ortiz,2016-06-08
Aidan Pouros,"Thompson, Howell and Hegmann",2015-02-02
Aidan Pouros,"Denesik, Stehr and Carter",2016-02-23
Chauncey Dach,Koss Inc,2015-08-18
Rigoberto White,Halvorson LLC,2014-09-23
Aidan Pouros,"Fahey, Wunsch and Bashirian",2014-10-22
Milan Crona,Donnelly-Champlin,2015-01-06
Chauncey Dach,"Brown, Wyman and Grimes",2013-10-21
Milan Crona,Sanford and Sons,2016-07-23
Rigoberto White,"Kris, Shanahan and Quigley",2014-01-21
Chauncey Dach,Hauck Group,2016-01-13
Aidan Pouros,"Medhurst, Ankunding and Wolff",2014-07-25
Rigoberto White,Trantow Inc,2017-05-28
Chauncey Dach,Sanford and Sons,2016-10-28
Rigoberto White,Mitchell and Sons,2017-04-11
Milan Crona,"Veum, McClure and Schuster",2017-09-19
Aidan Pouros,Lemke-Pfannerstill,2016-10-18
Rigoberto White,Abbott Group,2015-06-10
Rigoberto White,"Oga, Gottlieb and Cruickshank",2015-08-18
Chauncey Dach,"Brown, Wyman and Grimes",2013-10-11
Rigoberto White,"Medhurst, Ankunding and Wolff",2015-09-19
Chauncey Dach,"Medhurst, Ankunding and Wolff",2016-01-10
Milan Crona,"Oga, Gottlieb and Cruickshank",2014-09-09
Aidan Pouros,Johnston-Schaden,2014-03-06
Chauncey Dach,"Medhurst, Ankunding and Wolff",2015-01-16
Milan Crona,Hoppe-Batz,2014-03-09
Milan Crona,Eichmann and Sons,2015-01-19
Chauncey Dach,"Wyman, Farrell and Haag",2017-01-01
Rigoberto White,Trantow Inc,2016-12-19
Chauncey Dach,"Medhurst, Ankunding and Wolff",2015-10-12
Aidan Pouros,Eichmann and Sons,2016-04-06
Chauncey Dach,"Kuhic, Stark and Kreiger",2013-10-25
Aidan Pouros,Donnelly-Champlin,2013-10-18
Milan Crona,"Kris, Shanahan and Quigley",2014-01-21
Milan Crona,"Anderson, Kutch and Hyatt",2014-10-13
Chauncey Dach,Sanford and Sons,2014-03-08
Milan Crona,"Denesik, Stehr and Carter",2015-05-01
Aidan Pouros,Walter Inc,2013-10-10
Milan Crona,"Denesik, Stehr and Carter",2016-10-06
Chauncey Dach,Johnston-Schaden,2014-06-16
Chauncey Dach,"Wyman, Farrell and Haag",2013-11-04
Milan Crona,Abbott Group,2014-01-26
Chauncey Dach,Sanford and Sons,2017-09-27
Rigoberto White,Stamm-Crooks,2014-05-24
Aidan Pouros,Walter Inc,2014-03-04
Milan Crona,Franecki-Feil,2016-09-29
Rigoberto White,Cormier LLC,2015-02-05
Milan Crona,"Denesik, Stehr and Carter",2013-12-06
Rigoberto White,"Brown, Wyman and Grimes",2014-10-18
Aidan Pouros,Hauck Group,2017-01-04
Chauncey Dach,Hauck Group,2015-11-25
Aidan Pouros,"Brown, Wyman and Grimes",2014-10-14
Chauncey Dach,Abbott Group,2015-10-12
Milan Crona,Eichmann and Sons,2016-07-22
Rigoberto White,Abbott Group,2017-08-08
Aidan Pouros,"Thompson, Howell and Hegmann",2016-08-28
Milan Crona,"Medhurst, Ankunding and Wolff",2016-03-16
Rigoberto White,Armstrong Group,2014-08-15
Aidan Pouros,"Wyman, Farrell and Haag",2015-10-24
Chauncey Dach,Cormier LLC,2015-01-11
Rigoberto White,Koss Inc,2017-02-27
Milan Crona,Mitchell and Sons,2017-02-24
Rigoberto White,"Lueilwitz, Moore and Hahn",2017-09-15
Chauncey Dach,Halvorson LLC,2014-09-17
Rigoberto White,Hauck Group,2014-09-09
Aidan Pouros,Koss Inc,2016-06-13
Rigoberto White,"Kris, Shanahan and Quigley",2016-03-23
Chauncey Dach,Ondricka-Wolff,2014-04-27
Chauncey Dach,"Orn, Russel and O'Reilly",2017-07-26
Milan Crona,Donnelly-Champlin,2017-07-05
Milan Crona,"Medhurst, Ankunding and Wolff",2014-06-20
Aidan Pouros,"Thompson, Howell and Hegmann",2016-10-23
Aidan Pouros,Franecki-Feil,2017-08-09
Milan Crona,Ondricka-Wolff,2015-02-06
Milan Crona,"Veum, McClure and Schuster",2015-10-27
Milan Crona,Halvorson LLC,2016-08-11
Milan Crona,"Denesik, Stehr and Carter",2015-06-12
Aidan Pouros,"Medhurst, Ankunding and Wolff",2014-04-16
Milan Crona,Bosco-Ortiz,2015-04-02
Milan Crona,"Orn, Russel and O'Reilly",2017-02-26
Rigoberto White,"Orn, Russel and O'Reilly",2015-10-24
Rigoberto White,Stamm-Crooks,2014-11-10
Aidan Pouros,Donnelly-Champlin,2014-05-12
Chauncey Dach,Halvorson LLC,2015-09-16
Aidan Pouros,Johnston-Schaden,2016-10-05
Milan Crona,"Medhurst, Ankunding and Wolff",2017-02-18
Chauncey Dach,"Oga, Gottlieb and Cruickshank",2015-10-12
Chauncey Dach,"Hermiston, Armstrong and Balistreri",2014-07-15
Milan Crona,"Kuhic, Stark and Kreiger",2017-05-24
Aidan Pouros,Hoppe-Batz,2014-01-16
Chauncey Dach,"Medhurst, Ankunding and Wolff",2016-12-28
Aidan Pouros,Armstrong Group,2014-11-05
Milan Crona,Halvorson LLC,2017-05-11
Chauncey Dach,"Denesik, Stehr and Carter",2016-01-24
Milan Crona,Cormier LLC,2016-08-25
Aidan Pouros,Mitchell and Sons,2014-10-19
Rigoberto White,"Wyman, Farrell and Haag",2015-10-14
Rigoberto White,"Fahey, Wunsch and Bashirian",2017-06-23
Chauncey Dach,"Kris, Shanahan and Quigley",2014-01-21
Chauncey Dach,Koss Inc,2017-09-10
Aidan Pouros,Ondricka-Wolff,2015-10-28
Milan Crona,"Kris, Shanahan and Quigley",2017-07-12
Milan Crona,"Hermiston, Armstrong and Balistreri",2016-10-15
Milan Crona,"Denesik, Stehr and Carter",2017-08-22
Milan Crona,Eichmann and Sons,2014-10-28
Aidan Pouros,Abbott Group,2016-11-17
Milan Crona,Sanford and Sons,2014-12-01
Milan Crona,"Anderson, Kutch and Hyatt",2014-11-20
Aidan Pouros,Bosco-Ortiz,2016-06-27
Aidan Pouros,Halvorson LLC,2014-04-24
Milan Crona,"Thompson, Howell and Hegmann",2014-09-01
Milan Crona,Lemke-Pfannerstill,2017-03-19
Milan Crona,"Veum, McClure and Schuster",2016-11-29
Aidan Pouros,Ondricka-Wolff,2013-11-01
Chauncey Dach,Hoppe-Batz,2014-01-28
Aidan Pouros,Walter Inc,2017-07-19
Milan Crona,Hoppe-Batz,2016-09-03
Aidan Pouros,"Lindgren, Graham and Spinka",2015-10-17
Chauncey Dach,Abbott Group,2017-08-14
Milan Crona,Walter Inc,2016-12-12
Chauncey Dach,Stamm-Crooks,2016-07-08
Chauncey Dach,Donnelly-Champlin,2013-10-22
Milan Crona,Lemke-Pfannerstill,2016-08-08
Aidan Pouros,Bosco-Ortiz,2014-07-08
Milan Crona,Eichmann and Sons,2017-08-09
Milan Crona,"Brown, Wyman and Grimes",2015-07-05
Milan Crona,"Medhurst, Ankunding and Wolff",2015-04-17
Rigoberto White,Eichmann and Sons,2016-09-10
Milan Crona,Ondricka-Wolff,2017-05-15
Chauncey Dach,"Fahey, Wunsch and Bashirian",2015-09-05
Chauncey Dach,Stamm-Crooks,2015-09-22
Rigoberto White,"Fahey, Wunsch and Bashirian",2017-02-04
Milan Crona,"Anderson, Kutch and Hyatt",2016-08-25
Milan Crona,Hagenes Inc,2017-01-05
Milan Crona,"Fahey, Wunsch and Bashirian",2014-10-23
Milan Crona,"Brown, Wyman and Grimes",2015-09-19
Chauncey Dach,Cormier LLC,2014-10-12
Aidan Pouros,Eichmann and Sons,2015-12-13
Milan Crona,Lemke-Pfannerstill,2016-05-03
Chauncey Dach,Stamm-Crooks,2016-10-04
Chauncey Dach,Johnston-Schaden,2016-03-07
Aidan Pouros,Cormier LLC,2016-03-29
Chauncey Dach,"Hermiston, Armstrong and Balistreri",2014-08-16
Chauncey Dach,Armstrong Group,2014-06-24
Chauncey Dach,"Kuhic, Stark and Kreiger",2013-10-25
Aidan Pouros,"Denesik, Stehr and Carter",2014-10-15
Aidan Pouros,Hoppe-Batz,2015-10-28
Chauncey Dach,Walter Inc,2014-10-19
Aidan Pouros,"Wyman, Farrell and Haag",2015-06-20
Aidan Pouros,Bosco-Ortiz,2016-10-13
Aidan Pouros,Cormier LLC,2015-05-28
Rigoberto White,Franecki-Feil,2015-12-25
Chauncey Dach,"Lueilwitz, Moore and Hahn",2016-08-20
Rigoberto White,Mitchell and Sons,2017-09-14
Aidan Pouros,Mitchell and Sons,2013-10-11
Milan Crona,Johnston-Schaden,2016-08-03
Rigoberto White,Eichmann and Sons,2016-04-18
Milan Crona,Stamm-Crooks,2015-08-22
Milan Crona,"Kris, Shanahan and Quigley",2016-11-06
Rigoberto White,Sanford and Sons,2017-09-29
Rigoberto White,"Oga, Gottlieb and Cruickshank",2017-08-23
Milan Crona,Hoppe-Batz,2017-05-20
Aidan Pouros,"Fahey, Wunsch and Bashirian",2014-10-23
Milan Crona,Stamm-Crooks,2016-01-19
Aidan Pouros,Ondricka-Wolff,2013-10-12
Aidan Pouros,Stamm-Crooks,2016-06-06
Aidan Pouros,Koss Inc,2017-05-27
Rigoberto White,"Denesik, Stehr and Carter",2014-10-02
Rigoberto White,Eichmann and Sons,2015-09-04
Milan Crona,Donnelly-Champlin,2013-10-22
Chauncey Dach,"Fahey, Wunsch and Bashirian",2017-04-23
Rigoberto White,Halvorson LLC,2016-10-07
Rigoberto White,Hagenes Inc,2014-07-28
Chauncey Dach,"Hermiston, Armstrong and Balistreri",2017-05-07
Aidan Pouros,Ondricka-Wolff,2017-04-07
Rigoberto White,Sanford and Sons,2014-08-27
Aidan Pouros,"Veum, McClure and Schuster",2016-10-25
Chauncey Dach,Walter Inc,2016-08-20
Chauncey Dach,Stamm-Crooks,2015-12-27
Milan Crona,"Medhurst, Ankunding and Wolff",2013-11-27
Rigoberto White,Halvorson LLC,2014-10-01
Rigoberto White,Eichmann and Sons,2016-02-02
Aidan Pouros,Franecki-Feil,2016-12-13
Aidan Pouros,Hagenes Inc,2014-06-13
Milan Crona,Sanford and Sons,2016-09-07
Rigoberto White,"Veum, McClure and Schuster",2015-02-12
Aidan Pouros,Hagenes Inc,2017-07-01
Aidan Pouros,Johnston-Schaden,2015-09-02
Milan Crona,"Veum, McClure and Schuster",2014-10-30
Milan Crona,Bosco-Ortiz,2016-09-10
Aidan Pouros,Koss Inc,2014-06-03
Rigoberto White,"Lueilwitz, Moore and Hahn",2016-11-04
Milan Crona,"Anderson, Kutch and Hyatt",2014-05-24
Rigoberto White,Ondricka-Wolff,2016-05-11
Milan Crona,Trantow Inc,2015-11-18
Milan Crona,Koss Inc,2016-12-13
Milan Crona,Stamm-Crooks,2014-09-03
Milan Crona,"Denesik, Stehr and Carter",2015-09-26
Aidan Pouros,"Denesik, Stehr and Carter",2016-11-25
Rigoberto White,"Brown, Wyman and Grimes",2015-12-26
Chauncey Dach,Ondricka-Wolff,2016-12-01
Rigoberto White,Ondricka-Wolff,2013-10-13
Chauncey Dach,Sanford and Sons,2014-09-18
Rigoberto White,Mitchell and Sons,2015-06-04
Chauncey Dach,"Anderson, Kutch and Hyatt",2016-09-26
Milan Crona,Eichmann and Sons,2016-10-31
Chauncey Dach,Cormier LLC,2014-02-18
Milan Crona,"Kris, Shanahan and Quigley",2016-02-13
Rigoberto White,"Lindgren, Graham and Spinka",2017-09-16
Milan Crona,"Anderson, Kutch and Hyatt",2016-10-29
Rigoberto White,Hoppe-Batz,2015-06-26
Chauncey Dach,"Oga, Gottlieb and Cruickshank",2014-05-05
Rigoberto White,"Oga, Gottlieb and Cruickshank",2014-05-24
Aidan Pouros,"Fahey, Wunsch and Bashirian",2015-06-02
Aidan Pouros,Koss Inc,2016-01-27
Chauncey Dach,Abbott Group,2014-10-24
Aidan Pouros,Koss Inc,2014-07-29
Rigoberto White,Cormier LLC,2014-12-07
Aidan Pouros,"Kuhic, Stark and Kreiger",2016-05-16
Aidan Pouros,Eichmann and Sons,2014-10-04
Rigoberto White,"Kris, Shanahan and Quigley",2014-12-29
Chauncey Dach,"Orn, Russel and O'Reilly",2014-11-26
Rigoberto White,"Denesik, Stehr and Carter",2016-10-11
Chauncey Dach,"Lindgren, Graham and Spinka",2015-05-25
Chauncey Dach,Armstrong Group,2014-08-23
Aidan Pouros,"Oga, Gottlieb and Cruickshank",2015-08-10
Aidan Pouros,Donnelly-Champlin,2016-11-01
Milan Crona,Stamm-Crooks,2013-10-12
Chauncey Dach,"Denesik, Stehr and Carter",2014-11-14
Milan Crona,"Kris, Shanahan and Quigley",2015-03-20
Milan Crona,"Kris, Shanahan and Quigley",2017-04-24
Aidan Pouros,Bosco-Ortiz,2016-06-05
Rigoberto White,Franecki-Feil,2015-07-06
Milan Crona,"Lindgren, Graham and Spinka",2014-11-04
Chauncey Dach,"Fahey, Wunsch and Bashirian",2016-04-05
Aidan Pouros,Ondricka-Wolff,2016-06-14
Chauncey Dach,Armstrong Group,2016-09-02
Chauncey Dach,"Fahey, Wunsch and Bashirian",2015-09-18
Milan Crona,"Lueilwitz, Moore and Hahn",2014-05-13
Milan Crona,Eichmann and Sons,2014-11-27
Chauncey Dach,"Oga, Gottlieb and Cruickshank",2016-04-08
Milan Crona,"Oga, Gottlieb and Cruickshank",2014-06-19
Rigoberto White,"Lindgren, Graham and Spinka",2015-04-03
Milan Crona,Abbott Group,2014-02-13
Chauncey Dach,Armstrong Group,2015-08-13
Milan Crona,"Hermiston, Armstrong and Balistreri",2013-12-23
Aidan Pouros,Bosco-Ortiz,2014-04-13
Milan Crona,Halvorson LLC,2016-09-16
Chauncey Dach,Franecki-Feil,2015-03-21
Milan Crona,Abbott Group,2017-09-27
Chauncey Dach,Eichmann and Sons,2017-06-16